{"cameraMode":{"drawMode":0,"name":"Shaded","section":"Shading Mode"},"sceneLighting":true,"audioPlay":false,"sceneViewState":{"showFog":true,"showMaterialUpdate":false,"showSkybox":true,"showFlares":true,"showImageEffects":true,"showParticleSystems":true},"in2DMode":false,"pivot":{"x":-9.084701538085938,"y":7.60524845123291,"z":-86.21509552001953},"rotation":{"x":-0.0006592409918084741,"y":-0.9943206906318665,"z":0.04909369722008705,"w":-0.10031310468912125},"size":4.920018196105957,"orthographic":false}