{"cameraMode":{"drawMode":0,"name":"Shaded","section":"Shading Mode"},"sceneLighting":true,"audioPlay":false,"sceneViewState":{"showFog":true,"showMaterialUpdate":false,"showSkybox":false,"showFlares":true,"showImageEffects":true,"showParticleSystems":true},"in2DMode":false,"pivot":{"x":-39.695892333984378,"y":18.610824584960939,"z":-88.79995727539063},"rotation":{"x":-0.45096418261528017,"y":0.16523335874080659,"z":-0.08577970415353775,"w":-0.8733938336372376},"size":1771.47509765625,"orthographic":false}