{"cameraMode":{"drawMode":0,"name":"Shaded","section":"Shading Mode"},"sceneLighting":false,"audioPlay":false,"sceneViewState":{"showFog":true,"showMaterialUpdate":false,"showSkybox":false,"showFlares":true,"showImageEffects":true,"showParticleSystems":true},"in2DMode":false,"pivot":{"x":0.08979988098144531,"y":1.1266002655029297,"z":-0.0012001991271972657},"rotation":{"x":-0.03130773827433586,"y":0.9672015905380249,"z":-0.20343290269374848,"w":-0.1488494873046875},"size":40.010372161865237,"orthographic":false}